API1167,API#1167_ Create_Update_Agent_Relationship_3.6.0.yaml
API1168,API#1168_ Get_Agent_Status_Relationship_5.7.1.yaml
API1305,API#1305_Match_Existing_Trust_Or_Estate_1.0.0.yaml
API1306,API#1306_ Trust_or_Estate_Registration_1.2.1.yaml
API1488,API#1488_ Display_Trust_or_Estate_4.1.0.yaml
API1492,API#1492_ Trust_Variation_4.4.0.yaml
API1495,API#1495_ Agent_Known_Fact_Check_2.1.0.yaml
API1360,pension-online-api1360-openapi-3.5.0.yaml
API1142,pension-online-api1442-openapi-2.3.0.yaml
API1444,pension-online-api1444-openapi-3.9.0.yaml
API1445,pension-online-api1445-openapi-1.7.0.yaml
API1461,pension-online-api1461-openapi-4.2.0.yaml
API1469,pension-online-api1469-openapi-1.2.0.yaml
